-- MySQL dump 10.13  Distrib 8.0.22, for Linux (x86_64)
--
-- Host: localhost    Database: geekerbot
-- ------------------------------------------------------
-- Server version	8.0.22-0ubuntu0.20.04.3

/*!40101 SET @OLD_CHARACTER_SET_CLIENT=@@CHARACTER_SET_CLIENT */;
/*!40101 SET @OLD_CHARACTER_SET_RESULTS=@@CHARACTER_SET_RESULTS */;
/*!40101 SET @OLD_COLLATION_CONNECTION=@@COLLATION_CONNECTION */;
/*!50503 SET NAMES utf8mb4 */;
/*!40103 SET @OLD_TIME_ZONE=@@TIME_ZONE */;
/*!40103 SET TIME_ZONE='+00:00' */;
/*!40014 SET @OLD_UNIQUE_CHECKS=@@UNIQUE_CHECKS, UNIQUE_CHECKS=0 */;
/*!40014 SET @OLD_FOREIGN_KEY_CHECKS=@@FOREIGN_KEY_CHECKS, FOREIGN_KEY_CHECKS=0 */;
/*!40101 SET @OLD_SQL_MODE=@@SQL_MODE, SQL_MODE='NO_AUTO_VALUE_ON_ZERO' */;
/*!40111 SET @OLD_SQL_NOTES=@@SQL_NOTES, SQL_NOTES=0 */;

--
-- Table structure for table `tbl_autorole`
--

DROP TABLE IF EXISTS `tbl_autorole`;
/*!40101 SET @saved_cs_client     = @@character_set_client */;
/*!50503 SET character_set_client = utf8mb4 */;
CREATE TABLE `tbl_autorole` (
  `guild_id` bigint NOT NULL,
  `role_id` bigint NOT NULL DEFAULT '0',
  PRIMARY KEY (`guild_id`),
  KEY `fkautorole_guildids` (`guild_id`),
  CONSTRAINT `fkautorole_guildids` FOREIGN KEY (`guild_id`) REFERENCES `tbl_guilds` (`guild_id`) ON DELETE CASCADE ON UPDATE CASCADE
) ENGINE=InnoDB DEFAULT CHARSET=utf8mb4 COLLATE=utf8mb4_0900_ai_ci;
/*!40101 SET character_set_client = @saved_cs_client */;

--
-- Dumping data for table `tbl_autorole`
--

LOCK TABLES `tbl_autorole` WRITE;
/*!40000 ALTER TABLE `tbl_autorole` DISABLE KEYS */;
INSERT INTO `tbl_autorole` VALUES (450594207787384832,0),(471992548345380885,0),(613410315329339412,0),(715020500362854422,0),(735514076121399333,0),(762505333771337780,0),(763423365347672064,0),(765783202588786738,0),(769796751392636948,0),(769965961578807317,0),(771047365112889364,0),(772748636554788895,0),(782896502368501810,0),(791202808720130109,0),(797031304168079360,0),(797840971605868574,0),(797843094300524555,0),(799202653942972466,0),(799364892415098920,0);
/*!40000 ALTER TABLE `tbl_autorole` ENABLE KEYS */;
UNLOCK TABLES;

--
-- Table structure for table `tbl_gametime`
--

DROP TABLE IF EXISTS `tbl_gametime`;
/*!40101 SET @saved_cs_client     = @@character_set_client */;
/*!50503 SET character_set_client = utf8mb4 */;
CREATE TABLE `tbl_gametime` (
  `id` int NOT NULL AUTO_INCREMENT,
  `user_id` bigint NOT NULL,
  `guild_id` bigint NOT NULL,
  `app_id` varchar(5000) DEFAULT NULL,
  `played` int DEFAULT NULL,
  PRIMARY KEY (`id`),
  KEY `fk_guildids` (`guild_id`),
  CONSTRAINT `fk_guildids` FOREIGN KEY (`guild_id`) REFERENCES `tbl_guilds` (`guild_id`) ON DELETE CASCADE ON UPDATE CASCADE
) ENGINE=InnoDB AUTO_INCREMENT=875 DEFAULT CHARSET=latin1;
/*!40101 SET character_set_client = @saved_cs_client */;

--
-- Dumping data for table `tbl_gametime`
--

LOCK TABLES `tbl_gametime` WRITE;
/*!40000 ALTER TABLE `tbl_gametime` DISABLE KEYS */;
INSERT INTO `tbl_gametime` VALUES (60,561291092809482240,769796751392636948,'VmlzdWFsIFN0dWRpbyBDb2Rl',1165),(61,455786509992460288,769796751392636948,'R2FycnkncyBNb2Q=',169),(62,302250801584406528,769796751392636948,'U2FmYXJp',908),(63,211386661207146496,769796751392636948,'V2FzdGVsYW5kIDM=',397),(64,693066335877464076,769796751392636948,'RG90YSAy',2353),(65,323852935307984896,769796751392636948,'TWluZWNyYWZ0',1071),(66,622741208313102336,769796751392636948,'U3VibGltZSBUZXh0',3137),(68,486120637493018626,769796751392636948,'SW5zaWRl',67),(69,184861163954110464,769796751392636948,'TGVhZ3VlIG9mIExlZ2VuZHM=',1856),(70,486120637493018626,769796751392636948,'UENTWDI=',52),(71,419502991016722433,769796751392636948,'Tm94UGxheWVy',2131),(72,257009761571176458,769796751392636948,'VmlzdWFsIFN0dWRpbyBDb2Rl',866),(73,688412534814146621,769796751392636948,'QnJhdmUgQnJvd3Nlcg==',465),(74,366642271975768065,769796751392636948,'VmlzdWFsIFN0dWRpbyBDb2Rl',3428),(75,688412534814146621,769796751392636948,'VmlzdWFsIFN0dWRpbw==',1164),(76,284983411612057602,769796751392636948,'SGF5IERheQ==',556),(77,684769764773462032,769796751392636948,'QWRvYmUgUGhvdG9zaG9wIDIwMjA=',2350),(78,331302835696173066,769796751392636948,'TWVwaHlzdG8=',133),(79,623918573449904150,769796751392636948,'Q29kZQ==',5454),(80,525020007357218846,769796751392636948,'Rm9ydG5pdGU=',282),(81,284983411612057602,769796751392636948,'V2llIGlzIGRlIE1vbD8=',93),(82,460444386040479745,769796751392636948,'Q291bnRlci1TdHJpa2U6IEdsb2JhbCBPZmZlbnNpdmU=',690),(83,457895945422766080,769796751392636948,'QVJLOiBTdXJ2aXZhbCBFdm9sdmVk',2393),(84,277365985529561089,769796751392636948,'VmlzdWFsIFN0dWRpbyBDb2Rl',4663),(85,667875958815981568,769796751392636948,'Rm9ydG5pdGU=',360),(86,622741208313102336,769796751392636948,'UHlDaGFybSBDb21tdW5pdHk=',2438),(88,284983411612057602,769796751392636948,'UGhhc2UgMTA6IFdvcmxkIFRvdXI=',25),(89,284983411612057602,769796751392636948,'VHJpdmlhIENyYWNrIEFkdmVudHVyZQ==',32),(90,667875958815981568,769796751392636948,'U3BlbGxicmVhaw==',200),(91,525020007357218846,769796751392636948,'Um9ja2V0IExlYWd1ZQ==',181),(92,302250801584406528,769796751392636948,'T3BlcmE=',589),(93,622741208313102336,769796751392636948,'SW50ZWxsaUogSURFQSBDb21tdW5pdHk=',20),(95,291624587278417920,769796751392636948,'TGVhZ3VlIG9mIExlZ2VuZHM=',1269),(96,291624587278417920,769796751392636948,'R29vZ2xlIENsYXNzcm9vbQ==',84),(97,291624587278417920,769796751392636948,'R29vZ2xl',199),(98,291624587278417920,769796751392636948,'R29vZ2xlIERvY3M=',8),(99,558651964129280001,769796751392636948,'QmxlbmRlcg==',565),(100,522576224678051851,769796751392636948,'QmF0dGxlQmxvY2sgVGhlYXRlcg==',57),(101,331302835696173066,769796751392636948,'d2FpdGluZyBmb3IgdS4=',4585),(102,460444386040479745,769796751392636948,'Rml2ZU0=',492),(103,667875958815981568,769796751392636948,'UnVzdA==',1040),(104,486120637493018626,769796751392636948,'UlBDUzM=',23),(105,460444386040479745,769796751392636948,'TmV4dXNSUA==',70),(106,292464043757797378,769796751392636948,'UXVhbGl0eSBNdWx0aSBUb29s',2),(107,522576224678051851,769796751392636948,'VG9tIENsYW5jeSdzIFJhaW5ib3cgU2l4IFNpZWdl',92),(108,522576224678051851,769796751392636948,'UmFpbmJvdyBTaXggU2llZ2U=',1615),(109,292464043757797378,769796751392636948,'UXVhbGl0eSBNdWx0aVRvb2w=',3715),(110,684769764773462032,769796751392636948,'QWRvYmUgSWxsdXN0cmF0b3IgMjAyMA==',811),(111,323852935307984896,769796751392636948,'Rml2ZU0=',55),(112,323852935307984896,769796751392636948,'TWFsaWJ1IFN1bnNldCBSUA==',3693),(113,460444386040479745,769796751392636948,'UmVhbExpZmVSUA==',27),(114,291624587278417920,769796751392636948,'WW91VHViZQ==',223),(115,460444386040479745,769796751392636948,'UGhhc21vcGhvYmlh',99),(116,291624587278417920,769796751392636948,'Um9ja2V0IExlYWd1ZQ==',140),(117,257009761571176458,769796751392636948,'TGVhZ3VlIG9mIExlZ2VuZHM=',203),(118,486120637493018626,769796751392636948,'R2Vuc2hpbiBJbXBhY3Q=',75),(119,352344853927165952,769796751392636948,'VmlzdWFsIFN0dWRpbyBDb2Rl',753),(120,525020007357218846,769796751392636948,'VkFMT1JBTlQ=',15),(121,522576224678051851,769796751392636948,'QnJhd2xoYWxsYQ==',457),(122,460444386040479745,769796751392636948,'U29jaWFsQ29tbXVuaXR5',444),(123,366642271975768065,769796751392636948,'Um9ja2V0IExlYWd1ZQ==',104),(124,355731775990923265,769796751392636948,'Qmx1ZVN0YWNrcw==',3501),(125,291624587278417920,769796751392636948,'R2Vuc2hpbiBJbXBhY3Q=',743),(126,274942008546820097,769796751392636948,'Q291bnRlci1TdHJpa2U6IEdsb2JhbCBPZmZlbnNpdmU=',8),(127,352344853927165952,769796751392636948,'Uk9CTE9Y',612),(128,211386661207146496,769796751392636948,'RW5kbGVzcyBTcGFjZSAy',39),(129,525020007357218846,769796751392636948,'M29uMyBGcmVlU3R5bGU6IFJlYm91bmQ=',6),(130,525020007357218846,769796751392636948,'U3RheSBPdXQ=',38),(131,331302835696173066,769796751392636948,'VkFMT1JBTlQ=',12),(132,486120637493018626,769796751392636948,'TkFSVVRPIFNISVBQVURFTjogVWx0aW1hdGUgTmluamEgU1RPUk0gNA==',158),(133,460444386040479745,769796751392636948,'QXRsYXNDaXR5',11),(134,522576224678051851,769796751392636948,'QWltIExhYg==',10),(135,642836720806789150,769796751392636948,'R3JhbmQgVGhlZnQgQXV0byBTYW4gQW5kcmVhcw==',47),(136,291624587278417920,769796751392636948,'R29vZ2xlIE1lZXQ=',423),(137,355731775990923265,769796751392636948,'ZUZvb3RiYWxsIFBFUyAyMDIxIFNFQVNPTiBVUERBVEU=',7),(138,291624587278417920,769796751392636948,'QW5pbWVXb3JsZA==',1),(139,291624587278417920,769796751392636948,'SW5zdGFncmFt',5),(140,284983411612057602,769796751392636948,'RmlzaGRvbQ==',2),(141,457895945422766080,769796751392636948,'UnVzdA==',3302),(142,291624587278417920,769796751392636948,'R29vZ2xlIERyaXZl',1),(143,486120637493018626,769796751392636948,'ZUZvb3RiYWxsIFBFUyAyMDIxIFNFQVNPTiBVUERBVEU=',116),(144,460444386040479745,769796751392636948,'Um9ja2V0IExlYWd1ZQ==',178),(145,291624587278417920,769796751392636948,'UmVkZGl0',57),(146,758195034730004480,769796751392636948,'Uk9CTE9Y',53),(147,323852935307984896,769796751392636948,'VmlzdWFsIFN0dWRpbyBDb2Rl',217),(148,323852935307984896,769796751392636948,'Q29kaW5nIEJvdHM=',357),(149,297991170066350080,769796751392636948,'QW1vbmcgVXM=',7),(150,331302835696173066,769796751392636948,'TW9iaWxlIExlZ2VuZHM6IEJhbmcgQmFuZw==',130),(151,486120637493018626,769796751392636948,'QXBleCBMZWdlbmRz',235),(152,684769764773462032,769796751392636948,'Tm94UGxheWVy',6),(153,486120637493018626,769796751392636948,'Q3J5c2lzIDM=',2),(154,457895945422766080,769796751392636948,'UnVzdGFuZ2Vsbw==',29),(155,460444386040479745,769796751392636948,'U3Vuc2V0IENpdHk=',20),(156,442608398681505794,769796751392636948,'TWluZWNyYWZ0',700),(157,525020007357218846,769796751392636948,'UnVzdA==',943),(158,667875958815981568,769796751392636948,'V2FsbHBhcGVyIEVuZ2luZQ==',64),(159,667875958815981568,769796751392636948,'TWluZWNyYWZ0',265),(160,561291092809482240,769796751392636948,'TWljcm9zb2Z0IFZpc3VhbCBTdHVkaW8=',7),(161,460444386040479745,769796751392636948,'SWNlQ29tbXVuaXR5',123),(162,460444386040479745,769796751392636948,'Uk9CTE9Y',206),(163,642836720806789150,769796751392636948,'TWluZWNyYWZ0',12),(164,297991170066350080,769796751392636948,'TWluZWNyYWZ0',15),(165,297991170066350080,769796751392636948,'U3RhcmRldyBWYWxsZXk=',85),(166,561291092809482240,769796751392636948,'TWluZWNyYWZ0',3),(167,184861163954110464,769796751392636948,'Q3liZXJwdW5rIDIwNzc=',102),(168,623918573449904150,769796751392636948,'UGxhbmV0YXJ5IEFubmloaWxhdGlvbiBUaXRhbnM=',110),(169,486120637493018626,769796751392636948,'QmF0dGxlZmllbGQgNOKEog==',200),(170,547417166723547136,769796751392636948,'TWluZWNyYWZ0',136),(171,291624587278417920,769796751392636948,'TmV0ZmxpeA==',15),(172,184861163954110464,769796751392636948,'V2FsbHBhcGVyIEVuZ2luZQ==',67),(173,292464043757797378,769796751392636948,'R3JhbmQgVGhlZnQgQXV0byBW',1),(174,184861163954110464,769796751392636948,'UGhhc21vcGhvYmlh',86),(175,292464043757797378,769796751392636948,'Rm9ydG5pdGU=',2),(176,419502991016722433,769796751392636948,'VmlzdWFsIFN0dWRpbyBDb2RlIFtBZG1pbmlzdHJhdG9yXQ==',349),(177,623918573449904150,769796751392636948,'UGxhbmV0YXJ5IEFubmloaWxhdGlvbjogVElUQU5T',96),(178,328972992992509952,769796751392636948,'TGVhZ3VlIG9mIExlZ2VuZHM=',23),(179,284983411612057602,769796751392636948,'VHJpY2t5IENhc3RsZQ==',27),(180,460444386040479745,769796751392636948,'TWluZWNyYWZ0',104),(181,284983411612057602,769796751392636948,'S2lsbGVyIFN1ZG9rdSBieSBTdWRva3UuY29tIC0gRnJlZSBOdW1iZXIgUHV6emxl',14),(182,291624587278417920,769796751392636948,'TW9ua2V5VHlwZQ==',28),(183,460444386040479745,769796751392636948,'Q2FzdGxlIENyYXNoZXJz',44),(184,522576224678051851,769796751392636948,'UGFyc2Vj',28),(185,667875958815981568,769796751392636948,'UmFpbmJvdyBTaXggU2llZ2U=',129),(186,662670651580219413,769965961578807317,'VGVycmFyaWE=',228),(187,569396596597325834,769965961578807317,'TGVhZ3VlIG9mIExlZ2VuZHM=',335),(188,546631496673394688,769965961578807317,'TG91bmdlIENsaWVudA==',20),(189,535878938451247104,769965961578807317,'UmFkaW0gVHZvanUgTWFtdQ==',671),(190,426440663106846732,769965961578807317,'QXBleCBMZWdlbmRz',202),(191,722032455896530964,769965961578807317,'QXJpc3RvaXM=',23),(192,271921431053467649,769965961578807317,'R3JhbmQgVGhlZnQgQXV0byBW',568),(193,685465887980912653,769965961578807317,'TWluZWNyYWZ0',4),(194,558550456327208961,769965961578807317,'VmlzdWFsIFN0dWRpbyBDb2Rl',3),(195,536949955563356160,769965961578807317,'Qmxvb25zIFREIDY=',58),(196,518754382075133953,769965961578807317,'R2V0dGluZyBPdmVyIEl0IHdpdGggQmVubmV0dCBGb2RkeQ==',26),(197,694943372720341045,769965961578807317,'QnJpY2sgSGlsbA==',142),(198,485458529193426984,769965961578807317,'Uk9CTE9Y',467),(199,694943372720341045,769965961578807317,'WW91VHViZQ==',91),(200,291624587278417920,769796751392636948,'VHdpdGNo',4),(201,711261600878821428,769965961578807317,'RmVlbGluZyBBbG9uZSB3aXRoIDY5IG90aGVycw==',53),(202,746329435837562891,769965961578807317,'Rm9ydG5pdGU=',2),(203,746329435837562891,769965961578807317,'TWluZWNyYWZ0',1),(204,602518196616167424,769965961578807317,'SW1wYWN0IFV0aWxpdHkgTW9k',22),(205,694943372720341045,769965961578807317,'U291bmRDbG91ZA==',5),(206,765627967010635827,769965961578807317,'Rm9ydG5pdGU=',118),(207,694943372720341045,769965961578807317,'R2l0SHVi',15),(208,694943372720341045,769965961578807317,'VHdpdGNo',1),(209,649353358615773195,769965961578807317,'Um9ja2V0IExlYWd1ZcKu',202),(210,606555689263038464,769965961578807317,'Q291bnRlci1TdHJpa2U6IEdsb2JhbCBPZmZlbnNpdmU=',115),(211,735712196742610944,769965961578807317,'am9pbiBteSBzZXJ2ZXI=',81),(212,735712196742610944,769965961578807317,'TWluZWNyYWZ0',179),(213,660927165990436875,769965961578807317,'Uk9CTE9Y',1),(214,660927165990436875,769965961578807317,'R2xvYmFiaWxpdHk=',10),(215,660927165990436875,769965961578807317,'VmlzdWFsIFN0dWRpbyBDb2Rl',73),(216,694943372720341045,769965961578807317,'UHJlTWlE',8),(217,426440663106846732,769965961578807317,'TGVhZ3VlIG9mIExlZ2VuZHM=',174),(218,432689076626522132,769965961578807317,'TWFkZGVuIE5GTCAyMSBYYm94IE9uZQ==',23),(219,535878938451247104,769965961578807317,'TWluZWNyYWZ0',93),(220,432689076626522132,769965961578807317,'VG9tIENsYW5jeSdzIFJhaW5ib3cgU2l4IFNpZWdl',124),(221,762086277864488960,769965961578807317,'TWluZWNyYWZ0',48),(222,649353358615773195,769965961578807317,'Rm9ydG5pdGU=',23),(223,535878938451247104,769965961578807317,'SGFsZi1MaWZl',97),(224,694943372720341045,769965961578807317,'THVuYXIgQ2xpZW50',103),(225,744587019526733873,769965961578807317,'S09OTyBESU8gREEh',42),(226,432689076626522132,769965961578807317,'Uk9CTE9Y',24),(227,603595822290173956,769965961578807317,'TWluZWNyYWZ0',100),(228,546631496673394688,769965961578807317,'VmlzdWFsIFN0dWRpbyBDb2Rl',53),(229,649353358615773195,769965961578807317,'RFJBR09OIEJBTEwgRklHSFRFUlo=',2),(230,505606993034215434,769965961578807317,'Wm9vbSBNZWV0aW5n',50),(231,569396596597325834,769965961578807317,'Rm9ydG5pdGU=',12),(232,711261600878821428,769965961578807317,'WW91VHViZQ==',17),(233,331302835696173066,769796751392636948,'R29vZ2xlIENocm9tZQ==',1),(234,711261600878821428,769965961578807317,'UHJlTWlE',1),(235,331302835696173066,769796751392636948,'WW91VHViZQ==',32),(236,331302835696173066,769796751392636948,'d2lud29yZA==',11),(237,792765286788628520,769965961578807317,'SW50ZWxsaUogSURFQSBVbHRpbWF0ZQ==',171),(238,639734140157165569,769965961578807317,'Qk9UIERFViBaT05F',398),(239,639734140157165569,769965961578807317,'Qk9UIERFViBaT05F',398),(240,639734140157165569,769965961578807317,'Qk9UIERFViBaT05F',398),(241,563218149026037761,769965961578807317,'TWluZWNyYWZ0',15),(242,518754382075133953,769965961578807317,'V2FsbHBhcGVyIEVuZ2luZQ==',23),(243,482579452845359107,769965961578807317,'SW4gYSBtaXNzaW9uIHdpdGggTVRGIFRhdS01',40),(244,725945760629129277,769965961578807317,'VmlzdWFsIFN0dWRpbyBDb2Rl',220),(245,484041270705127465,769965961578807317,'U2ltb24gc2F5cw==',124),(246,725945760629129277,769965961578807317,'Uk9CTE9Y',44),(247,603595822290173956,769965961578807317,'TUVtdQ==',32),(248,603595822290173956,769965961578807317,'TUVtdQ==',32),(249,566880152924061718,769965961578807317,'Uk9CTE9Y',114),(250,563218149026037761,769965961578807317,'WWVzLi5JIGFtIGNoaW50dQ==',134),(251,536949955563356160,769965961578807317,'Q29uZmlnSHViLkhPU1Q=',16),(252,505606993034215434,769965961578807317,'VmlzdWFsIFN0dWRpbyBDb2Rl',161),(253,681050483137314833,769965961578807317,'TWluZWNyYWZ0',31),(254,735712196742610944,769965961578807317,'am9pbiBteSBzZXJ2ZXIgaHR0cHM6Ly9kaXNjb3JkLmdnL3BDZzdCU3RKVHQ=',332),(255,536949955563356160,769965961578807317,'THVuYXIgQ2xpZW50',130),(256,641155552755318836,769965961578807317,'Q29wIER1dHkgUG9saWNlIENhciBTaW11bGF0b3I=',59),(257,641155552755318836,769965961578807317,'Q29wIER1dHkgUG9saWNlIENhciBTaW11bGF0b3I=',59),(258,484041270705127465,769965961578807317,'c2ltb24gc2F5cw==',96),(259,641155552755318836,769965961578807317,'SGFja1NoaWVsZA==',49),(260,331302835696173066,769796751392636948,'VmlzdWFsIFN0dWRpbyBDb2Rl',171),(261,602518196616167424,769965961578807317,'RG9uJ3QgU3RhcnZlIFRvZ2V0aGVy',96),(262,484041270705127465,769965961578807317,'QXNzaWdubWVudHMgfCBNaWNyb3NvZnQgVGVhbXM=',62),(263,518754382075133953,769965961578807317,'VkFMT1JBTlQ=',81),(264,735712196742610944,769965961578807317,'THVuYXIgQ2xpZW50',2),(265,566880152924061718,769965961578807317,'Um9ja2V0IExlYWd1ZQ==',104),(266,641155552755318836,769965961578807317,'QmxvY2tTdGFyUGxhbmV0',75),(267,641155552755318836,769965961578807317,'QmxvY2tTdGFyUGxhbmV0',75),(268,725945760629129277,769965961578807317,'RmxhbWUgQm90',77),(269,535878938451247104,769965961578807317,'RG9pbmcgU29tZXRoaW5n',27),(270,535878938451247104,769965961578807317,'U3ZlbiBDby1vcA==',58),(271,640922680173920258,769965961578807317,'TWluZWNyYWZ0',6),(272,518754382075133953,769965961578807317,'VmlzdWFsIFN0dWRpbyBDb2Rl',55),(273,622741208313102336,769965961578807317,'U3VibGltZSBUZXh0',251),(274,569396596597325834,769965961578807317,'R29vZ2xlIENocm9tZQ==',16),(275,573626850970959895,769796751392636948,'U3VwZXIgU21hc2ggRmxhc2ggMiBCZXRh',128),(276,770077584645947433,769796751392636948,'R29vZ2xlIENocm9tZQ==',2),(856,522576224678051851,769796751392636948,'VlJDaGF0',51),(857,486120637493018626,769796751392636948,'VmlzdWFsIFN0dWRpbyBDb2Rl',45),(858,424519561908322324,769796751392636948,'d2l0aCBhIGJsb2I=',527),(859,424519561908322324,769796751392636948,'TG93a2V5Lmdn',1),(860,659778462193549322,769796751392636948,'Q2xhc2ggUm95YWxl',40),(861,291624587278417920,769796751392636948,'TW9ua2V5dHlwZQ==',64),(862,424519561908322324,769796751392636948,'UnVzdA==',397),(863,597804613097226241,769796751392636948,'b3N1IQ==',149),(864,668676211991380010,769796751392636948,'VmlzdWFsIFN0dWRpbyBDb2Rl',48),(865,668676211991380010,769796751392636948,'VkFMT1JBTlQ=',175),(866,794620989156622347,769796751392636948,'Uk9CTE9Y',52),(867,743652977059037244,769796751392636948,'TWluZWNyYWZ0',19),(868,292464043757797378,769796751392636948,'KCEpIFFNVCBTdGF0cw==',494),(869,264126015293489154,769796751392636948,'TGVhZ3VlIG9mIExlZ2VuZHM=',10),(870,597804613097226241,769796751392636948,'Rm9ydG5pdGU=',39),(871,486120637493018626,769796751392636948,'U1RBUiBXQVJT4oSiIEJhdHRsZWZyb2504oSiIElJ',19),(872,573626850970959895,769796751392636948,'QW1vbmcgVXM=',3),(873,525020007357218846,769796751392636948,'QmV0YUxvYWRlcg==',28),(874,525020007357218846,769796751392636948,'Q291bnRlci1TdHJpa2U6IEdsb2JhbCBPZmZlbnNpdmU=',134);
/*!40000 ALTER TABLE `tbl_gametime` ENABLE KEYS */;
UNLOCK TABLES;

--
-- Table structure for table `tbl_guilds`
--

DROP TABLE IF EXISTS `tbl_guilds`;
/*!40101 SET @saved_cs_client     = @@character_set_client */;
/*!50503 SET character_set_client = utf8mb4 */;
CREATE TABLE `tbl_guilds` (
  `guild_id` bigint NOT NULL,
  PRIMARY KEY (`guild_id`)
) ENGINE=InnoDB DEFAULT CHARSET=latin1;
/*!40101 SET character_set_client = @saved_cs_client */;

--
-- Dumping data for table `tbl_guilds`
--

LOCK TABLES `tbl_guilds` WRITE;
/*!40000 ALTER TABLE `tbl_guilds` DISABLE KEYS */;
INSERT INTO `tbl_guilds` VALUES (450594207787384832),(471992548345380885),(613410315329339412),(715020500362854422),(735514076121399333),(762505333771337780),(763423365347672064),(765783202588786738),(769796751392636948),(769965961578807317),(771047365112889364),(772748636554788895),(782896502368501810),(791202808720130109),(797031304168079360),(797840971605868574),(797843094300524555),(799202653942972466),(799364892415098920);
/*!40000 ALTER TABLE `tbl_guilds` ENABLE KEYS */;
UNLOCK TABLES;

--
-- Table structure for table `tbl_messages`
--

DROP TABLE IF EXISTS `tbl_messages`;
/*!40101 SET @saved_cs_client     = @@character_set_client */;
/*!50503 SET character_set_client = utf8mb4 */;
CREATE TABLE `tbl_messages` (
  `id` bigint NOT NULL,
  `kode_user` varchar(60) NOT NULL,
  `guild_id` bigint NOT NULL,
  `user_id` bigint NOT NULL,
  `message` text NOT NULL,
  `time` datetime NOT NULL,
  PRIMARY KEY (`id`),
  KEY `guild_id` (`guild_id`),
  KEY `fkkode_user` (`kode_user`),
  CONSTRAINT `messages_ibfk_1` FOREIGN KEY (`guild_id`) REFERENCES `tbl_guilds` (`guild_id`) ON DELETE CASCADE ON UPDATE CASCADE,
  CONSTRAINT `messages_ibfk_2` FOREIGN KEY (`kode_user`) REFERENCES `tbl_users` (`kode_user`) ON DELETE CASCADE ON UPDATE CASCADE
) ENGINE=InnoDB DEFAULT CHARSET=latin1;
/*!40101 SET character_set_client = @saved_cs_client */;

--
-- Dumping data for table `tbl_messages`
--

LOCK TABLES `tbl_messages` WRITE;
/*!40000 ALTER TABLE `tbl_messages` DISABLE KEYS */;
/*!40000 ALTER TABLE `tbl_messages` ENABLE KEYS */;
UNLOCK TABLES;

--
-- Table structure for table `tbl_roles`
--

DROP TABLE IF EXISTS `tbl_roles`;
/*!40101 SET @saved_cs_client     = @@character_set_client */;
/*!50503 SET character_set_client = utf8mb4 */;
CREATE TABLE `tbl_roles` (
  `guild_id` bigint NOT NULL,
  `role_id` bigint NOT NULL,
  `role_name` varchar(255) NOT NULL,
  UNIQUE KEY `role_id` (`role_id`),
  KEY `guild_id` (`guild_id`),
  CONSTRAINT `roles_ibfk_1` FOREIGN KEY (`guild_id`) REFERENCES `tbl_guilds` (`guild_id`) ON DELETE CASCADE ON UPDATE CASCADE
) ENGINE=InnoDB DEFAULT CHARSET=latin1;
/*!40101 SET character_set_client = @saved_cs_client */;

--
-- Dumping data for table `tbl_roles`
--

LOCK TABLES `tbl_roles` WRITE;
/*!40000 ALTER TABLE `tbl_roles` DISABLE KEYS */;
INSERT INTO `tbl_roles` VALUES (613410315329339412,613410315329339412,'@everyone'),(613410315329339412,613412990393384961,'Developer'),(613410315329339412,613412997452529704,'Moderator'),(613410315329339412,706300622344945755,'18+++'),(769796751392636948,769796751392636948,'@everyone'),(769796751392636948,769797049322700830,'XI grade'),(769796751392636948,769797512474656798,'XII grade'),(769796751392636948,769797691047673866,'X grade'),(769796751392636948,769797841877991464,'Moderator'),(769796751392636948,769811446838067280,'Founder'),(769796751392636948,769815797123907594,'Member'),(769796751392636948,769830506610032661,'carl-bot'),(769796751392636948,770052932875452417,'Compiler'),(769796751392636948,770053280042188810,'Bots'),(769796751392636948,770064826650722335,'Mentor'),(769796751392636948,770247165364011029,'Groovy'),(769796751392636948,770258698425204736,'DJ'),(769796751392636948,770631379993886730,'Elder'),(769796751392636948,770679660249743381,'C H R Y S E Ì S'),(769796751392636948,770685670334267453,'DISBOARD.org'),(769796751392636948,770704533394554951,'Mimu'),(769796751392636948,770705647955476540,'Unverified'),(769796751392636948,770712459710431243,'Koya'),(769796751392636948,771035451128938506,'Helper'),(769796751392636948,771041953525006368,'OwO'),(769796751392636948,771044428373557259,'Male'),(769796751392636948,771046261762555934,'Female'),(769796751392636948,771058219425988639,'Python'),(769796751392636948,771070156460785685,'VoiceMaster'),(769796751392636948,771221255847411744,'Events'),(769796751392636948,771231295891439647,'Job vacancy'),(769796751392636948,771236683650826261,'Giveaway'),(769796751392636948,771767840751484938,'Plasma'),(769796751392636948,771942056179793961,'DSC'),(769796751392636948,772064351058264064,'Free course'),(769796751392636948,772100114868731915,'Purity'),(769796751392636948,772119262990434345,'Geeky'),(769796751392636948,772399321362595872,'DiscordServers.com'),(769796751392636948,772640554382524488,'Grinder'),(769796751392636948,772749999150858281,'GeekerBot'),(769796751392636948,772807712693420082,'GeekDev'),(769796751392636948,772952832680656937,'ServerMate'),(769796751392636948,773060326571638795,'Muted'),(769796751392636948,773375891434635294,'Leveling'),(769796751392636948,773594390089170995,'Advertiser'),(769796751392636948,773600566298804226,'Eli'),(769796751392636948,774268585568763915,'Bot Developer'),(769796751392636948,774321857012432896,'Trial Moderator'),(769796751392636948,774540627747536906,'Java'),(769796751392636948,774540870459457537,'C++/C'),(769796751392636948,774541007316189194,'Go Lang'),(769796751392636948,774541335922737178,'Javascript'),(769796751392636948,774541662927454238,'Kotlin'),(769796751392636948,774542092785418252,'Swift'),(769796751392636948,774543956406173697,'Frontend Developer'),(769796751392636948,774544122786086912,'Web Development'),(769796751392636948,774544442870595593,'Android Development'),(769796751392636948,774544746026500097,'IOS Development'),(769796751392636948,774546407243382786,'Maths'),(769796751392636948,774546618200227870,'Engineering'),(769796751392636948,774546885981372426,'Networking'),(769796751392636948,774547046057115649,'Other Subject'),(769796751392636948,774547439587164160,'Science'),(769796751392636948,775477613053083648,'PepeBot'),(782896502368501810,782896502368501810,'@everyone'),(782896502368501810,784816954871119883,'YAGPDB.xyz'),(782896502368501810,784818948460773437,'Linux'),(782896502368501810,784819002412105798,'Windows'),(782896502368501810,784819043394650153,'Mac OS'),(782896502368501810,784821772410159134,'Javascript'),(782896502368501810,784823339742527488,'Shitcoders'),(782896502368501810,784824415497748480,'Admin'),(782896502368501810,785068546421424128,'Bots'),(782896502368501810,785069074429247540,'Python'),(782896502368501810,785144881173102664,'Stalker Application'),(782896502368501810,785151167793463327,'GeekerBot'),(782896502368501810,785156872805285930,'muted'),(769796751392636948,785164307863306240,'Partner'),(782896502368501810,785444729428377620,'Good Shitcoders'),(613410315329339412,789811392743604224,'My Bot'),(613410315329339412,790084571709833246,'member'),(613410315329339412,790118178000470029,'My-Music-Bot'),(613410315329339412,790253663184355371,'Groovy'),(613410315329339412,790260744293449789,'BOT'),(613410315329339412,790267990587080734,'Member AoW'),(613410315329339412,790540772432674828,'Java-Bot'),(613410315329339412,791053322789847112,'GeekerBot');
/*!40000 ALTER TABLE `tbl_roles` ENABLE KEYS */;
UNLOCK TABLES;

--
-- Table structure for table `tbl_settings`
--

DROP TABLE IF EXISTS `tbl_settings`;
/*!40101 SET @saved_cs_client     = @@character_set_client */;
/*!50503 SET character_set_client = utf8mb4 */;
CREATE TABLE `tbl_settings` (
  `id` int NOT NULL AUTO_INCREMENT,
  `guild_id` bigint NOT NULL,
  `guildtopgames` tinyint(1) NOT NULL DEFAULT '0',
  `imgwelcome_toggle` tinyint(1) NOT NULL DEFAULT '0',
  `levelsystem_toggle` tinyint(1) NOT NULL DEFAULT '0',
  `welcome_channel_id` bigint NOT NULL DEFAULT '0',
  `leave_channel_id` bigint NOT NULL DEFAULT '0',
  `lvl_channel_id` bigint NOT NULL DEFAULT '0',
  `antiSpam` tinyint(1) NOT NULL DEFAULT '0',
  `automod` tinyint(1) NOT NULL DEFAULT '0',
  `allowSpam` bigint NOT NULL DEFAULT '0',
  `captcha` tinyint(1) NOT NULL DEFAULT '0',
  `captchaChannel` bigint NOT NULL DEFAULT '0',
  `antitoxic` tinyint(1) NOT NULL DEFAULT '0',
  `antiLinks` tinyint(1) NOT NULL DEFAULT '0',
  `ageaccount_toggle` tinyint(1) NOT NULL DEFAULT '0',
  `minageaccount` bigint NOT NULL DEFAULT '0',
  `prefix` varchar(20) NOT NULL DEFAULT 'g!',
  PRIMARY KEY (`id`),
  KEY `settings_ibfk_1` (`guild_id`),
  CONSTRAINT `settings_ibfk_1` FOREIGN KEY (`guild_id`) REFERENCES `tbl_guilds` (`guild_id`) ON DELETE CASCADE ON UPDATE CASCADE
) ENGINE=InnoDB AUTO_INCREMENT=27 DEFAULT CHARSET=latin1;
/*!40101 SET character_set_client = @saved_cs_client */;

--
-- Dumping data for table `tbl_settings`
--

LOCK TABLES `tbl_settings` WRITE;
/*!40000 ALTER TABLE `tbl_settings` DISABLE KEYS */;
INSERT INTO `tbl_settings` VALUES (2,613410315329339412,0,0,1,0,0,0,0,0,0,0,0,1,1,0,0,'g!'),(3,782896502368501810,0,0,0,0,0,0,0,0,0,0,0,0,0,0,0,'h!'),(4,769796751392636948,1,0,1,0,0,0,0,0,771219610937851904,0,0,1,1,0,0,'g!'),(5,797031304168079360,0,0,0,0,0,0,0,0,0,0,0,0,0,0,0,'g!'),(6,797840971605868574,0,0,1,0,0,0,0,0,0,0,0,0,0,0,0,'g!'),(7,797843094300524555,0,0,1,0,0,0,0,0,0,0,0,0,0,0,0,'>'),(8,763423365347672064,0,0,0,0,0,0,0,0,0,0,0,0,0,0,0,'g!'),(9,735514076121399333,0,0,0,0,0,0,0,0,0,0,0,0,0,0,0,'g!'),(10,791202808720130109,0,0,0,0,0,0,0,0,0,0,0,0,0,0,0,'g!'),(11,769965961578807317,0,0,0,0,0,0,0,0,0,0,0,0,0,0,0,'g!'),(12,450594207787384832,0,0,0,0,0,0,0,0,0,0,0,0,0,0,0,'g!'),(13,765783202588786738,0,0,0,0,0,0,0,0,0,0,0,0,0,0,0,'g!'),(14,771047365112889364,0,0,0,0,0,0,0,0,0,0,0,0,0,0,0,'g!'),(18,772748636554788895,0,0,0,0,0,0,0,0,0,0,0,0,0,0,0,'g!'),(19,471992548345380885,0,0,0,0,0,0,0,0,0,0,0,0,0,0,0,'g!'),(21,762505333771337780,0,0,0,0,0,0,0,0,0,0,0,0,0,0,0,'g!'),(22,799364892415098920,0,0,0,0,0,0,0,0,0,0,0,0,0,0,0,'g!'),(25,715020500362854422,0,0,0,0,0,0,0,0,0,0,0,0,1,0,0,'g!'),(26,799202653942972466,0,0,0,0,0,0,0,0,0,0,0,0,0,0,0,'g!');
/*!40000 ALTER TABLE `tbl_settings` ENABLE KEYS */;
UNLOCK TABLES;

--
-- Table structure for table `tbl_users`
--

DROP TABLE IF EXISTS `tbl_users`;
/*!40101 SET @saved_cs_client     = @@character_set_client */;
/*!50503 SET character_set_client = utf8mb4 */;
CREATE TABLE `tbl_users` (
  `kode_user` varchar(60) NOT NULL,
  `user_id` bigint NOT NULL,
  `guild_id` bigint NOT NULL,
  `level` int DEFAULT NULL,
  `exp` int DEFAULT NULL,
  `points` int DEFAULT NULL,
  PRIMARY KEY (`kode_user`),
  KEY `fk_guildid` (`guild_id`),
  KEY `user_id` (`user_id`),
  CONSTRAINT `fk_guildid` FOREIGN KEY (`guild_id`) REFERENCES `tbl_guilds` (`guild_id`) ON DELETE CASCADE ON UPDATE CASCADE
) ENGINE=InnoDB DEFAULT CHARSET=latin1;
/*!40101 SET character_set_client = @saved_cs_client */;

--
-- Dumping data for table `tbl_users`
--

LOCK TABLES `tbl_users` WRITE;
/*!40000 ALTER TABLE `tbl_users` DISABLE KEYS */;
INSERT INTO `tbl_users` VALUES ('USR-100006815059542085',713417130388881497,613410315329339412,1,0,0),('USR-1007335735951350',772054700848840714,771047365112889364,1,0,0),('USR-10097130970546176',780063092549353493,769965961578807317,1,0,0),('USR-102889830870024172',574882379215405057,471992548345380885,1,0,0),('USR-10493846671851540',780459808250658857,769965961578807317,1,0,0),('USR-1057079607164929',772104444720054293,771047365112889364,1,0,0),('USR-107702554607091701',579695102952472586,471992548345380885,1,0,0),('USR-107706266536640515',579698814882021400,471992548345380885,1,0,0),('USR-107707618478129152',579700166823510037,471992548345380885,1,0,0),('USR-10944464797171753',774367830144843817,763423365347672064,1,0,0),('USR-11068084555087852',483060632900468737,471992548345380885,1,0,0),('USR-11078643056771052',782126008169660416,771047365112889364,1,0,0),('USR-111272772474241004',583265320819621889,471992548345380885,1,0,0),('USR-111273177044090860',583265725389471745,471992548345380885,1,0,0),('USR-111330332094889973',583322880440270858,471992548345380885,1,0,0),('USR-111332732239347701',583325280584728586,471992548345380885,1,0,0),('USR-11400918877601832',781197670270238780,769796751392636948,1,0,0),('USR-11622557165813740',781419308558450688,769796751392636948,1,0,0),('USR-116756742418726897',588749290764107782,471992548345380885,1,0,0),('USR-117236542963056631',589229091308437516,471992548345380885,1,0,0),('USR-11747277647904748',781544029040541696,769796751392636948,1,0,0),('USR-1217835854331864',767001038443118602,765783202588786738,1,0,0),('USR-12399983709257768',783447348822147132,771047365112889364,1,0,0),('USR-129221990585204725',601214538930585610,471992548345380885,1,0,0),('USR-13091991340318800',784139356453208164,771047365112889364,1,0,0),('USR-133262023625670659',605254571971051544,471992548345380885,1,0,0),('USR-133607879914422333',747018195243761745,613410315329339412,1,0,0),('USR-135946243309174774',607938791654555659,471992548345380885,1,0,0),('USR-137007357925392368',608999906270773253,471992548345380885,1,0,0),('USR-137211240836628502',609203789182009387,471992548345380885,1,0,0),('USR-137329787486863340',750740102816202752,613410315329339412,1,0,0),('USR-138767437561593845',610759985906974730,471992548345380885,1,0,0),('USR-140633986958360565',612626535303741450,471992548345380885,1,0,0),('USR-14082787178709051',784048748757516368,769965961578807317,1,0,0),('USR-141611624518516731',613604172863897616,471992548345380885,1,0,0),('USR-14816559738519534',486809108083900419,471992548345380885,1,0,0),('USR-149316314765328364',621308863110709249,471992548345380885,1,0,0),('USR-15064230239928323',784860981632565271,769796751392636948,1,0,0),('USR-150748659967721451',622741208313102336,471992548345380885,1,0,0),('USR-15652383513903094',785618345092710411,769965961578807317,1,0,0),('USR-16185277752279060',785982029144916008,769796751392636948,1,0,0),('USR-16358199838113833',786154951230750781,769796751392636948,1,0,0),('USR-16670890473291756',488663438818672641,471992548345380885,1,0,0),('USR-167066832863241',770133028411670558,769965961578807317,1,0,0),('USR-16876039405174773',786842000983982090,769965961578807317,1,0,0),('USR-16898436712234987',488890985057615872,471992548345380885,1,0,0),('USR-16904871232143351',786701622624780299,769796751392636948,1,0,0),('USR-1708334588362782',771505085980999730,769796751392636948,1,0,0),('USR-17308371048595467',787105122441232415,769796751392636948,1,0,0),('USR-17412387485122570',489404935830503455,471992548345380885,1,0,0),('USR-175395742570774508',788806057900113920,613410315329339412,1,0,0),('USR-17585600524976137',787551562103783454,769965961578807317,1,0,0),('USR-17597369445384172',787563331024191489,769965961578807317,1,0,0),('USR-176183232750944255',648175781096325140,471992548345380885,1,0,0),('USR-178525652096253985',650518200441634870,471992548345380885,1,0,0),('USR-178578972936896501',650571521282277386,471992548345380885,1,0,0),('USR-1793631384502323',765216996732174387,763423365347672064,1,0,0),('USR-180307143445053449',652299691790434334,471992548345380885,1,0,0),('USR-180334604090212331',652327152435593216,471992548345380885,1,0,0),('USR-18112343820468293',788078305399275610,769965961578807317,1,0,0),('USR-181599126482190325',653591674827571210,471992548345380885,1,0,0),('USR-18215986842566666',788181948421373983,769965961578807317,1,0,0),('USR-183803587585900564',655796135931281449,471992548345380885,1,0,0),('USR-18389091975823340',788355053554630657,769965961578807317,1,0,0),('USR-18600171156144130',788396922548781078,769796751392636948,1,10,3),('USR-186335676717989924',658328225063370809,471992548345380885,1,0,0),('USR-188427869385392109',660420417730772994,471992548345380885,1,0,0),('USR-18887693069582327',788684444462219275,769796751392636948,1,0,0),('USR-189028216944459765',661020765289840650,471992548345380885,1,0,0),('USR-19231907111895070',789028658504532018,769796751392636948,1,0,0),('USR-19492934625918955',491485482971299840,471992548345380885,1,0,0),('USR-197099426785656821',669091975131037706,471992548345380885,1,0,0),('USR-198235154101960694',670227702447341579,471992548345380885,1,0,0),('USR-200766654668341238',672759203013722123,471992548345380885,1,0,0),('USR-202457946652673',472195006292033558,471992548345380885,1,0,0),('USR-20310948770086912',790107700162723860,769796751392636948,1,10,11),('USR-20667977573072876',790633939151880193,769965961578807317,1,0,0),('USR-20703468696371209',790669430275178526,769965961578807317,1,0,0),('USR-207185037089439753',679177585434820638,471992548345380885,1,0,0),('USR-2145316874354691',773192681987244055,771047365112889364,1,0,0),('USR-21504281962348535',791301033354985483,769796751392636948,1,0,0),('USR-21871938749857782',792919303862747146,771047365112889364,1,0,0),('USR-21997505084260342',791794256476897290,769796751392636948,1,0,0),('USR-22106487442505707',494099035787886592,471992548345380885,1,0,0),('USR-22164942111506422',791961693504143370,769796751392636948,1,0,0),('USR-222766319253192694',694758867598573579,471992548345380885,1,0,0),('USR-223290401178386492',695282949523767377,471992548345380885,1,0,0),('USR-22514165716746250',792480127295553567,769965961578807317,1,0,0),('USR-225485166833959004',697477715179339889,471992548345380885,1,0,0),('USR-22799325209821203',792765286788628520,769965961578807317,1,0,0),('USR-22858372094099437',792655123486736385,769796751392636948,1,0,0),('USR-230000112972070891',701992661317451776,471992548345380885,1,0,0),('USR-230064725776531455',702057274121912340,471992548345380885,1,0,0),('USR-23016219522629631',792982181101436948,769965961578807317,1,0,0),('USR-230877115577139291',702869663922520176,471992548345380885,1,0,0),('USR-23096780392628252',495089328738009137,471992548345380885,1,0,0),('USR-233650067188088853',705642615533469738,471992548345380885,1,0,0),('USR-235847423157469183',707839971502850068,471992548345380885,1,0,0),('USR-236186269380378613',708178817725759498,471992548345380885,1,0,0),('USR-2378030805942283',772343992384749600,769965961578807317,1,0,0),('USR-238480813052788805',710473361398169690,471992548345380885,1,0,0),('USR-243192803859759114',715185352205139999,471992548345380885,1,0,0),('USR-243220483896508496',715213032241889381,471992548345380885,1,0,0),('USR-247827451609088018',719819999954468903,471992548345380885,1,0,0),('USR-248537233638686710',720529781984067595,471992548345380885,1,0,0),('USR-249295427524755525',721287975870136410,471992548345380885,1,0,0),('USR-24940051640614891',794906013219422208,769965961578807317,1,0,0),('USR-250391874941091829',722384423286472714,471992548345380885,1,0,0),('USR-2513354195337206',474505902540718091,471992548345380885,1,0,0),('USR-25353233286692864',795319194865500181,769965961578807317,1,0,0),('USR-25426179456499692',497418727801880577,471992548345380885,1,0,0),('USR-2577574085918822',766000939433590886,763423365347672064,1,0,0),('USR-2608895173328888',772405646565965836,769796751392636948,1,0,0),('USR-263760167793852405',735752716139233290,471992548345380885,1,0,0),('USR-263763174459703336',735755722805084221,471992548345380885,1,0,0),('USR-266398488109908032',738391036455288917,471992548345380885,1,0,0),('USR-27574069352333263',793357271941120001,765783202588786738,1,0,0),('USR-27664234851598377',797460986244235325,769796751392636948,1,30,32),('USR-2787261414768619',772753222993575936,769965961578807317,1,0,0),('USR-280833253310485',770077584645947433,769796751392636948,1,0,0),('USR-281331844333568029',753324392678948914,471992548345380885,1,0,0),('USR-281980522991845446',753973071337226331,471992548345380885,1,0,0),('USR-28252723623231467',500245271968612352,471992548345380885,1,0,0),('USR-286570588330393580',758563136675774465,471992548345380885,1,0,0),('USR-28702581693874155',500695130039255040,471992548345380885,1,0,0),('USR-287496692976975861',759489241322356746,471992548345380885,1,0,0),('USR-296840075479220253',768832623824601138,471992548345380885,1,0,0),('USR-29714425455837174',501706973801218059,471992548345380885,1,0,0),('USR-3118694271418397',773084655850225714,769965961578807317,1,0,0),('USR-314123468713492460',786116017058873345,471992548345380885,1,0,0),('USR-316438219711971318',788430768057352203,471992548345380885,1,0,0),('USR-33354860527091691',505347408872472576,471992548345380885,1,0,0),('USR-33730359115775980',505722907461156865,471992548345380885,1,0,0),('USR-346869390114848',770143620782751796,769796751392636948,1,0,0),('USR-35583363918200821',507575912263581706,471992548345380885,1,0,0),('USR-3623936935329872',767047302283001936,763423365347672064,1,0,0),('USR-3883244080201739',773849205659009056,769965961578807317,1,0,0),('USR-4128069481398254',773924820874035202,769796751392636948,1,0,0),('USR-41756365554581494',513748913899962379,471992548345380885,1,0,0),('USR-42339601126129647',777853677247528980,735514076121399333,1,0,0),('USR-42353388368822252',514345936714203137,471992548345380885,1,0,0),('USR-4407781432492013',774204532825128961,769796751392636948,1,0,0),('USR-44928776798076920',516921325143457805,471992548345380885,1,0,0),('USR-45005943410262005',516998491755642890,471992548345380885,1,0,0),('USR-45999382021144556',517991930366525441,471992548345380885,1,0,0),('USR-4602699328782325',774568660907589642,769965961578807317,1,0,0),('USR-46434267000995830',518426815346376715,471992548345380885,1,0,0),('USR-466311008223262',770263062400860210,769796751392636948,1,0,0),('USR-46696283594817515',518688831940198400,471992548345380885,1,0,0),('USR-467261919723501',770264013312360449,769796751392636948,1,0,0),('USR-47299270004572147',519291818349953032,471992548345380885,1,0,0),('USR-4771909514952694',774568660907589642,769796751392636948,1,0,0),('USR-47886001103568885',519878549448949770,471992548345380885,1,0,0),('USR-48884599924719606',520877148270100491,471992548345380885,1,0,0),('USR-488915119112171',472481463464493056,471992548345380885,1,0,0),('USR-495698965168118',783392201333669928,782896502368501810,1,0,0),('USR-50427924418920428',522420472764301313,471992548345380885,1,0,0),('USR-5283185872601069',775249147451408386,769965961578807317,1,0,0),('USR-528581919506413',770325333312143361,769796751392636948,1,0,0),('USR-55294552277123083',527287100622503968,471992548345380885,1,0,0),('USR-5933400229674971',741447476351074304,735514076121399333,1,0,0),('USR-59798424232394743',531790972577775628,471992548345380885,1,0,0),('USR-60172661157789679',532165209503170564,471992548345380885,1,0,0),('USR-6135912018477055',776101873597284372,769965961578807317,1,0,0),('USR-61548359185334251',533540907530715136,471992548345380885,1,0,0),('USR-62387632968957936',534380181314338821,471992548345380885,1,0,0),('USR-625371813773352',770422123206410300,769796751392636948,1,0,0),('USR-63280986476773377',676691301806112789,613410315329339412,1,0,0),('USR-64800780128878572',536793328474259457,471992548345380885,1,0,0),('USR-66983024155164652',538975572500545537,471992548345380885,1,0,0),('USR-67156575378079733',539149123723460618,471992548345380885,1,0,0),('USR-69426905866174493',541419454211555378,471992548345380885,1,0,0),('USR-6991733527543829',776788484920180777,769796751392636948,1,0,0),('USR-70999094985752555',542991643331133440,471992548345380885,1,0,0),('USR-72463407059435499',544455955404816384,471992548345380885,1,0,0),('USR-7389215503286325',742903291624685658,735514076121399333,1,0,0),('USR-73924105841147884',545916654186528769,471992548345380885,1,0,0),('USR-74543840194592753',546536388539973638,471992548345380885,1,0,0),('USR-7579664361848872',777376415754485820,769796751392636948,1,15,19),('USR-80461123329064940',552453671674445825,471992548345380885,1,0,0),('USR-80806503442939883',552799051788320768,471992548345380885,1,0,0),('USR-8089253234868204',777886004627505152,769796751392636948,1,0,0),('USR-81570028692045823',553562577037426708,471992548345380885,1,0,0),('USR-8171818934337607',777968570326974555,769796751392636948,1,0,0),('USR-8179033636208633',777975785028845581,769796751392636948,1,0,0),('USR-82368086346170354',554360634691551239,471992548345380885,1,0,0),('USR-84654265993265132',556646814338646017,471992548345380885,1,0,0),('USR-85090078748966922',557082627094347807,471992548345380885,1,0,0),('USR-8828320237879298',778625071630516246,769796751392636948,1,0,0),('USR-88495493696323564',560488042041704449,471992548345380885,1,0,0),('USR-88509706884218880',560502255229599765,471992548345380885,1,0,0),('USR-90501755791474668',562494304136855553,471992548345380885,1,0,0),('USR-9058518367731783',724079018730586205,715020500362854422,1,0,0),('USR-9330892983762924',622741208313102336,613410315329339412,2,200,313),('USR-94256363030315037',566248911375695922,471992548345380885,1,0,0),('USR-95699601243373548',567692149588754433,471992548345380885,1,0,0),('USR-95761531991621618',567754080337002503,471992548345380885,1,0,0),('USR-959731586433005',766742934175219743,765783202588786738,1,0,0),('USR-96466061867483145',568458610212864030,471992548345380885,1,0,0),('USR-9685934400471020',779482685793107968,769796751392636948,1,0,0),('USR-97453078638231544',569445626983612429,471992548345380885,1,0,0),('USR-9772754798641141',481765303144022026,471992548345380885,1,0,0),('USR100704776261599242',669091975131037706,769796751392636948,1,0,0),('USR100705184371441684',669091567021195264,769796751392636948,1,0,0),('USR10152577996029972',461839970349350913,471992548345380885,1,0,0),('USR101920792576655380',667875958815981568,769796751392636948,1,0,0),('USR102567544242307067',667398417336500250,769965961578807317,1,0,0),('USR103644823986896895',666321137591910422,769965961578807317,1,0,0),('USR104316015139880937',666731349973008427,771047365112889364,1,0,0),('USR10552705571356630',759413256007450687,769965961578807317,1,0,0),('USR106019890678202387',663776860714434561,769796751392636948,1,0,0),('USR106843010633564120',663122950945243197,769965961578807317,1,0,0),('USR107028680693776349',662937280885030968,769965961578807317,1,0,0),('USR107295309998587904',662670651580219413,769965961578807317,1,0,0),('USR10764969394044948',461227578951335937,471992548345380885,1,0,0),('USR107997562320846848',661799189071790100,769796751392636948,1,80,87),('USR108902338743894027',661063622834913290,769965961578807317,1,0,0),('USR109038795588370442',660927165990436875,769965961578807317,1,0,0),('USR10929448647786484',758867302744850464,769796751392636948,1,0,0),('USR110018289199087626',659778462193549322,769796751392636948,1,0,0),('USR111378528176439336',671517974192062474,782896502368501810,1,0,0),('USR112303244532776996',623210831588622337,735514076121399333,1,0,0),('USR114403564877381652',656643800235507712,771047365112889364,1,0,0),('USR115404162052784149',356588386292596736,471992548345380885,1,0,0),('USR115738403516842003',654058347875794945,769796751392636948,1,50,47),('USR11601716662632468',758195034730004480,769796751392636948,1,0,0),('USR118499982301986826',651296769090650122,769796751392636948,1,0,0),('USR118572825400311818',353419722945069067,471992548345380885,1,0,0),('USR118762111790219265',651203849788588052,769965961578807317,1,0,0),('USR11888571153907742',787314082789064724,799202653942972466,1,0,0),('USR11921949345316825',753861253243469913,765783202588786738,1,0,0),('USR119647694418214933',352344853927165952,471992548345380885,1,0,0),('USR119755497154543637',650210464424263680,769965961578807317,1,0,0),('USR120612602963034122',649353358615773195,769965961578807317,1,0,0),('USR12062207814664204',459930340530716681,471992548345380885,1,0,0),('USR12091345603264512',757874615975542805,769965961578807317,1,0,0),('USR12115462905003991',757681288487632957,769796751392636948,1,0,0),('USR121748705819754513',350243842525626372,471992548345380885,1,0,0),('USR122218334715904020',647747626862903297,769965961578807317,1,0,0),('USR122475964964798483',349516583380582402,471992548345380885,1,0,0),('USR123107315519586304',646858646059221013,769965961578807317,1,0,0),('USR125113195773427721',644852765805379596,769965961578807317,1,0,0),('USR125790662141935631',644175299436871686,769965961578807317,1,0,0),('USR126763070487265232',636660294860406832,763423365347672064,1,0,0),('USR126960030585847798',642836720806789150,769796751392636948,1,0,0),('USR128612245168717814',642435119944171550,771047365112889364,1,0,0),('USR128810408823488481',641155552755318836,769965961578807317,1,0,0),('USR129043281404887059',640922680173920258,769965961578807317,1,0,0),('USR130231821421641748',639734140157165569,769965961578807317,1,0,0),('USR131697870213349365',638098881179287583,769796751392636948,1,0,0),('USR132718472156151817',339274076189229068,471992548345380885,1,0,0),('USR132767624843886612',637029126548750336,769796751392636948,1,0,0),('USR133086652724936752',632696549863849986,765783202588786738,1,0,0),('USR13471262693130130',756325488699506818,769796751392636948,1,0,0),('USR13650386870992886',458342161474387999,471992548345380885,1,0,0),('USR136655731943931895',633310229634875422,769965961578807317,1,0,0),('USR136965828842749882',634081536270139482,771047365112889364,1,0,0),('USR137492483750625301',334500064594755584,471992548345380885,1,0,0),('USR13792826798112788',458199721547268097,471992548345380885,1,0,0),('USR137965129395339284',334027418950041601,471992548345380885,1,0,0),('USR138071236788748308',333921311556632577,471992548345380885,1,0,0),('USR138392571025555425',625030794322116639,763423365347672064,1,0,0),('USR139407524951359499',332585023394021386,471992548345380885,1,0,0),('USR139967656378630155',332024891966750730,471992548345380885,1,0,0),('USR140682157034569728',622741208313102336,763423365347672064,1,0,0),('USR140909224581529619',331083323763851266,471992548345380885,1,0,0),('USR14150369634549739',755646381758087209,769796751392636948,1,0,0),('USR142246002852495380',627550748540141568,769796751392636948,1,0,0),('USR14266444556926946',749156920790745118,763423365347672064,1,0,0),('USR143041994275684402',622741208313102336,765783202588786738,1,0,0),('USR1445107563757588',768351643828879360,769796751392636948,1,0,0),('USR145878177942732798',623918573449904150,769796751392636948,1,0,0),('USR146645744127180800',616777621220491264,763423365347672064,1,0,0),('USR1469726982142',797839501878886432,797840971605868574,1,35,36),('USR147055543079534612',622741208313102336,769796751392636948,10,5475,38555),('USR147224753265704981',622741208313102336,769965961578807317,1,0,0),('USR147665971467649044',324326576877731841,471992548345380885,1,0,0),('USR14791518775279596',755174442803527721,769965961578807317,1,0,0),('USR14802255266054164',457190293079326721,471992548345380885,1,0,0),('USR148185217747386369',621780743831420948,769965961578807317,1,0,0),('USR148306156799787028',622741208313102336,771047365112889364,1,0,0),('USR148462964960002068',621333786432634880,769796751392636948,1,0,0),('USR148487888281927699',621308863110709249,769796751392636948,1,0,0),('USR149527222427582483',621520142685306881,771047365112889364,1,0,0),('USR15043480111939594',750739722476847144,765783202588786738,1,0,0),('USR150774498734637044',612648866613035020,763423365347672064,1,0,0),('USR151468668562964540',639734140157165569,791202808720130109,1,0,0),('USR15211955863027590',755835409249861774,771047365112889364,1,0,0),('USR155117480631861288',610665721956925450,765783202588786738,1,0,0),('USR155542837943730196',316449710401650689,471992548345380885,1,0,0),('USR155571581794385866',614225169598251082,769796751392636948,1,0,0),('USR155898435370352661',614067526208454656,769965961578807317,1,0,0),('USR15889096647901141',749894105940885597,765783202588786738,1,0,0),('USR15901167573794806',783463724841304114,799364892415098920,1,0,0),('USR159030151483359251',610766599909277697,769796751392636948,1,0,0),('USR159520644257284115',610445317321523202,769965961578807317,1,0,0),('USR160155294055399474',622741208313102336,782896502368501810,1,0,0),('USR1603369973972925',713417130388881497,715020500362854422,1,0,0),('USR16110477369147301',753686274023489647,769796751392636948,1,25,18),('USR161396430441676820',608400320950960128,769796751392636948,1,0,0),('USR162291511324049389',607674450254757928,769965961578807317,1,0,0),('USR162315749073747988',607481002318888960,769796751392636948,1,0,0),('USR163014030397407222',606782720995229726,769796751392636948,1,0,0),('USR163200968048115732',308791580297265153,471992548345380885,1,0,0),('USR163410272315768853',606555689263038464,769965961578807317,1,0,0),('USR163414252064604157',607633113048285207,771047365112889364,1,0,0),('USR163662843165016064',599760522182656000,763423365347672064,1,0,0),('USR16560221287612366',753236530105024582,769796751392636948,1,0,0),('USR166370139288633361',603595822290173956,769965961578807317,1,0,0),('USR166422122896818176',603543838681989141,769965961578807317,1,0,0),('USR16714075187314659',753251886391492658,769965961578807317,1,0,0),('USR167447764962639893',602518196616167424,769965961578807317,1,0,0),('USR167503526430900223',603543838681989141,771047365112889364,1,0,0),('USR168582212462051338',601214538930585610,769796751392636948,1,0,0),('USR168936031251333137',303056517094047748,471992548345380885,1,0,0),('USR16941357742424085',455051190602956800,471992548345380885,1,0,0),('USR169611465379151893',302381082966228992,471992548345380885,1,0,0),('USR169741746760974357',302250801584406528,471992548345380885,1,0,0),('USR170099929853984818',595683272734801920,765783202588786738,1,0,0),('USR170329220936630258',599636740642177059,769965961578807317,1,0,0),('USR17067275106385919',748715927482400819,765783202588786738,1,0,0),('USR1709613200572384',768256348378234933,769965961578807317,1,0,0),('USR17111584908771328',752854376670035989,769965961578807317,1,0,0),('USR174266899357106168',596780465755783196,771047365112889364,1,0,0),('USR175343944325136407',560170131796262926,735514076121399333,1,0,0),('USR177171145475358737',294821402870022148,471992548345380885,1,0,0),('USR17806251879038997',752159709699768320,769965961578807317,1,0,0),('USR179316104030715954',586467098558070784,765783202588786738,1,0,0),('USR179875692039634963',589921059353001985,769796751392636948,1,0,0),('USR18033953873199084',751762797519437864,769796751392636948,1,0,0),('USR181869396627685386',587927354764951562,769796751392636948,1,0,0),('USR184204475471101963',287788072874278922,471992548345380885,1,0,0),('USR18506098206310328',747277104382476410,765783202588786738,1,0,0),('USR1856935796277268',769190429316612096,771047365112889364,1,0,0),('USR186786997590294550',575718336181043230,762505333771337780,1,0,0),('USR18726882509717443',751069868882919505,769796751392636948,1,0,0),('USR18754591176654818',751042160215982130,769796751392636948,1,0,0),('USR1876438350037003',768089523228770314,769965961578807317,1,0,0),('USR18829683290144789',453162865055236096,471992548345380885,1,0,0),('USR189192084342308874',581855280770580490,771047365112889364,1,0,0),('USR18998116561190912',750967845017616405,769965961578807317,1,0,0),('USR190661079909531668',281331468435849217,471992548345380885,1,0,0),('USR19083912827240469',452908635518140416,471992548345380885,1,0,0),('USR191684290399567883',578281671179239434,769965961578807317,1,0,0),('USR19184848157409301',452807700187971584,471992548345380885,1,0,0),('USR192737896133689384',590158606234812426,782896502368501810,1,0,0),('USR193901884287746068',278090664057634817,471992548345380885,1,0,0),('USR19500572109963165',750465389468844152,769965961578807317,1,0,0),('USR196169900421677053',573626850970959895,769796751392636948,1,0,0),('USR197064687685337109',274927860660043776,471992548345380885,1,0,0),('USR200345178932903957',271647369412476928,471992548345380885,1,0,0),('USR200569364981481483',569396596597325834,769965961578807317,1,0,0),('USR201940107006050352',563843095582736386,765783202588786738,1,0,0),('USR203085808654745599',566880152924061718,769965961578807317,1,0,0),('USR204375691512250417',578520810856251393,782896502368501810,1,0,0),('USR20467790314078238',745315412274708500,765783202588786738,1,0,0),('USR20636215749902304',749329745828905013,769965961578807317,1,0,0),('USR206747812552769556',563218149026037761,769965961578807317,1,0,0),('USR206889711439052810',265102836906328075,471992548345380885,1,0,0),('USR207238812824109042',563808552288780322,771047365112889364,1,0,0),('USR208357680119676948',263634868225703937,471992548345380885,1,0,0),('USR208505658583154708',561291092809482240,769796751392636948,1,0,0),('USR209553381759385618',560243369633251330,769796751392636948,1,0,0),('USR210595736571215887',559370225007591430,769965961578807317,1,0,0),('USR21085855628263323',744697346960523415,765783202588786738,1,0,0),('USR211144787263356947',558651964129280001,769796751392636948,1,0,0),('USR211415505251598356',558550456327208961,769965961578807317,1,0,0),('USR211550096892755977',558246654499880971,769796751392636948,1,0,0),('USR212482689855520655',557314061537116293,769796751392636948,1,70,81),('USR212797720405737478',557168241173069839,769965961578807317,1,0,0),('USR214313172986363925',555652788592443392,769965961578807317,1,0,0),('USR214420595113459712',549002770234212352,763423365347672064,1,0,0),('USR215445484674875380',554351266717761568,769796751392636948,1,0,0),('USR216959404205015070',582405488210083850,799364892415098920,1,0,0),('USR219435248931569714',546347953657217024,765783202588786738,1,0,0),('USR22066384548528145',449926163796852740,471992548345380885,1,0,0),('USR22136375889494016',449856172455886869,471992548345380885,1,0,0),('USR221555778811854815',544227423776931923,765783202588786738,1,0,0),('USR221818829120995347',547977922271641601,769796751392636948,1,0,0),('USR222379584669089812',547417166723547136,769796751392636948,1,0,0),('USR2227587044737034',469764961300643851,471992548345380885,1,0,0),('USR223334464905412629',546631496673394688,769965961578807317,1,0,0),('USR225051987052462100',246940561292918785,471992548345380885,1,0,0),('USR227463792085696512',535959573261975552,763423365347672064,1,0,0),('USR227615659532484618',244376888812896267,471992548345380885,1,0,0),('USR227706098721751048',542090652670885900,769796751392636948,1,0,0),('USR22777602032926740',449214946312454145,471992548345380885,1,0,0),('USR228854187344920575',542193177767968789,771047365112889364,1,0,0),('USR229065833446899671',534357531900772393,763423365347672064,1,0,0),('USR230857747653722125',539108213925085192,769965961578807317,1,0,0),('USR232121615016656895',537675136375980053,769796751392636948,1,0,0),('USR232879560395063313',538167804717826051,771047365112889364,1,0,0),('USR233016006015451157',536949955563356160,769965961578807317,1,0,0),('USR234085156301701139',536962208811188225,771047365112889364,1,0,0),('USR234087023127560213',535878938451247104,769965961578807317,1,0,0),('USR23447272352907163',747600092759982201,771047365112889364,1,0,0),('USR234695170326003711',528728195021668353,763423365347672064,1,0,0),('USR235698086784663572',534267874794143745,769965961578807317,1,0,0),('USR23636525741244426',746329435837562891,769965961578807317,1,0,0),('USR236575967512756243',533220783879880705,769796751392636948,1,0,0),('USR240557844242366472',529238907150270476,769796751392636948,1,0,0),('USR240985745724145712',541910756644356098,782896502368501810,1,0,0),('USR24263349655830507',746784015457058857,771047365112889364,1,0,0),('USR244776744035418102',525020007357218846,769796751392636948,1,0,0),('USR245219900715565065',524576850677071883,769796751392636948,1,0,0),('USR2468940110888990',780427562257612820,782896502368501810,1,0,0),('USR247220526714585097',522576224678051851,769796751392636948,1,75,85),('USR247466317790707731',522499643788099586,769965961578807317,1,0,0),('USR248919603122536457',520877148270100491,769796751392636948,1,0,0),('USR249406526316609576',513098807454728204,762505333771337780,1,0,0),('USR249749694951063585',533146807417438225,782896502368501810,1,0,0),('USR250039595587207170',519757155805429778,769796751392636948,1,0,0),('USR251211579503673364',518754382075133953,769965961578807317,1,0,0),('USR25150997236678657',744814964342128660,769965961578807317,1,0,0),('USR252265728974520340',517700232604286977,769965961578807317,1,0,0),('USR252304369528340522',510200964242997258,762505333771337780,1,0,0),('USR252572201919184880',510851163428487184,763423365347672064,1,0,0),('USR252696556422955037',546668335992143883,799364892415098920,1,0,0),('USR252999788177391626',546365104237707294,799364892415098920,1,0,0),('USR25323527691173836',744473223701463112,769796751392636948,1,0,0),('USR25378942052073444',744587019526733873,769965961578807317,1,0,0),('USR254860835565600788',516186529547288576,771047365112889364,1,0,0),('USR255415252782022674',515632112330866690,771047365112889364,1,0,0),('USR25637506468675570',744159244923961378,769796751392636948,1,0,0),('USR257596976056238051',513450389056651313,771047365112889364,1,0,0),('USR25851042382086162',446141505963294723,471992548345380885,1,0,0),('USR258792381397205041',506990821191581697,765783202588786738,1,0,0),('USR260741646377943050',509055105014693898,769796751392636948,1,0,0),('USR260880981589360659',510166383523528705,771047365112889364,1,0,0),('USR261065461402173460',352344853927165952,613410315329339412,4,610,1475),('USR26114560557842470',739668642030944268,765783202588786738,1,0,0),('USR261932491593220116',508033469985587201,769965961578807317,1,0,0),('USR2632494571061259',767333467007746058,769965961578807317,1,0,0),('USR263994576996270099',505802174396366849,769796751392636948,1,45,62),('USR264358968544591883',505606993034215434,769965961578807317,1,0,0),('USR271084931432579091',498711819960057857,769796751392636948,1,15,23),('USR271222235636563987',499825129476325377,771047365112889364,1,0,0),('USR274579500963463178',495386460615344139,769965961578807317,1,0,0),('USR27539591037190093',742426370541617224,769965961578807317,1,0,0),('USR27596728908644382',771605925034328084,799202653942972466,1,0,0),('USR277026149375148051',492770602017488897,769796751392636948,1,5,6),('USR278175984690266129',491620766702370819,769796751392636948,1,0,0),('USR279069879146512400',491977485966376964,771047365112889364,1,0,0),('USR28058808915722180',741737942476914768,769796751392636948,1,0,0),('USR28095085321256929',741701666071380019,769796751392636948,1,0,0),('USR283676113899618322',486120637493018626,769796751392636948,1,0,0),('USR283813904496066580',487233460616822784,771047365112889364,1,0,0),('USR284507432385380333',485458529193426984,769965961578807317,1,0,0),('USR284605026353152039',514759866061946881,799364892415098920,1,0,0),('USR284789019107000359',514575873308098561,799364892415098920,1,0,0),('USR285924690873679852',484041270705127465,769965961578807317,1,0,0),('USR28609089948745706',741187661443891242,769796751392636948,1,0,0),('USR286487911799324692',483308839593312256,769796751392636948,1,0,0),('USR287386508733448210',482579452845359107,769965961578807317,1,0,0),('USR28760416579354614',742286948533534750,771047365112889364,1,0,0),('USR288529697166983187',482517667945906177,771047365112889364,1,0,0),('USR29012126861230101',442980421484150784,471992548345380885,1,0,0),('USR295317043064864789',176675505280516096,471992548345380885,1,0,0),('USR29541764209573775',740254987183063173,769796751392636948,1,0,0),('USR29687872177569683',732817461593768097,762505333771337780,1,0,0),('USR299221073608703980',470575677783932968,769796751392636948,1,0,0),('USR303481824889012235',466484136689795082,769965961578807317,1,0,0),('USR3048016465756180',762735186123030558,765783202588786738,1,0,0),('USR309352365352157203',460444386040479745,769796751392636948,1,0,0),('USR30936277817753539',738860473574883409,769796751392636948,1,5,7),('USR30968237273907169',738997724304900148,769965961578807317,1,0,0),('USR311900805969870868',457895945422766080,769796751392636948,1,0,0),('USR314010241400176660',455786509992460288,769796751392636948,1,0,0),('USR315394576263413812',447110757507923968,762505333771337780,1,0,0),('USR315825455855435787',455221909257453577,771047365112889364,1,0,0),('USR32020166183747553',737945795395059764,769965961578807317,1,0,0),('USR325042162515574820',410471913605824513,735514076121399333,1,0,0),('USR32545161598730257',439447386746650628,471992548345380885,1,0,0),('USR32583749627412481',439408798717968404,471992548345380885,1,0,0),('USR327188352711131154',442608398681505794,769796751392636948,1,0,0),('USR32816124810756075',736980626581880873,769796751392636948,1,0,0),('USR32897969842290727',766466922572808193,799364892415098920,1,0,0),('USR32975445401927691',439017102943453194,471992548345380885,1,0,0),('USR330587418140868627',439209333251768321,769796751392636948,1,0,0),('USR33413468237987778',737633896874901586,771047365112889364,1,0,0),('USR335935310049837067',434030651528970250,769965961578807317,1,0,0),('USR33689887206932489',438302661138448396,471992548345380885,1,0,0),('USR337276884952285185',432689076626522132,769965961578807317,1,0,0),('USR33775560707014615',765589331708084305,799364892415098920,1,0,0),('USR339731019802869761',430234941775937556,769965961578807317,1,0,0),('USR33999658137157611',735797093255479337,769796751392636948,1,0,0),('USR340341915751415809',429624045827391508,769965961578807317,1,0,0),('USR343525298471960585',426440663106846732,769965961578807317,1,0,0),('USR34695658393304978',728727706954367086,763423365347672064,1,0,0),('USR348374834306482228',414130499464855552,762505333771337780,1,0,0),('USR348441453682229264',421355297710407684,769796751392636948,1,0,0),('USR349510463274352677',386003612847046656,735514076121399333,1,0,0),('USR350293760375914515',419502991016722433,769796751392636948,1,0,0),('USR35134892408963093',436857655936417792,471992548345380885,1,0,0),('USR351349629830168594',418447121562468354,769796751392636948,1,0,0),('USR35173560498388982',734623190894247966,769796751392636948,1,0,0),('USR35233993679831010',735813371433058354,771047365112889364,1,0,0),('USR355019696430252052',414777054962384896,769796751392636948,1,0,0),('USR355337755783462927',414458995609174021,769796751392636948,1,0,0),('USR35606964814610428',735440400298278936,771047365112889364,1,0,0),('USR356677267013107711',406746098334564353,763423365347672064,1,0,0),('USR358465590765551668',404039743005786112,762505333771337780,1,0,0),('USR3592421638123',797839501878886432,797843094300524555,1,10,10),('USR360885801657171988',408910949735464960,769796751392636948,1,0,0),('USR36552942781857729',733243808610779219,769796751392636948,1,0,0),('USR366941637245140990',404105727867748374,771047365112889364,1,0,0),('USR36764565799174145',733201395779633172,769965961578807317,1,0,0),('USR369683094896902163',400282866681905154,769965961578807317,1,0,0),('USR370702658513797140',399094092878839808,769796751392636948,1,0,0),('USR37295990646898638',733751374465990726,771047365112889364,1,0,0),('USR37344809232891824',732621152345915493,769965961578807317,1,0,0),('USR373728662321496114',409167840047005696,782896502368501810,1,0,0),('USR37448840634171301',732347910758465647,769796751392636948,1,0,0),('USR375230466631925779',394566284760711169,769796751392636948,1,5,7),('USR37822098756468726',733225266356420638,771047365112889364,1,0,0),('USR37876688033546158',731920063359090790,769796751392636948,1,0,0),('USR38375587424894997',433616960920485888,471992548345380885,1,0,0),('USR386810389570650130',384236975542239234,771047365112889364,1,0,0),('USR39730778589757419',730065972802879529,769796751392636948,1,0,0),('USR39782715184250819',726000487404535919,765783202588786738,1,0,0),('USR403154479416868883',366642271975768065,769796751392636948,1,0,0),('USR40320140185436111',729645821393371206,769965961578807317,1,0,0),('USR40631745787985940',729334215790821377,769965961578807317,1,0,0),('USR40701507326836685',729264454251970632,769965961578807317,1,0,0),('USR414064975401713683',355731775990923265,769796751392636948,1,0,0),('USR415051480027496468',355995885085392896,771047365112889364,1,0,0),('USR41701759072993250',729345606039896114,771047365112889364,1,0,0),('USR417451897465470996',352344853927165952,769796751392636948,2,185,247),('USR42175418656751594',728871946456137770,771047365112889364,1,0,0),('USR421976568403984433',343806634184802305,765783202588786738,1,0,0),('USR42369671051083796',429622877294297089,471992548345380885,1,0,0),('USR423969886386651136',347077478726238228,771047365112889364,1,0,0),('USR42495001652887562',429497546692493323,471992548345380885,1,0,0),('USR426717944865882162',339065257722904576,765783202588786738,1,0,0),('USR42671981317324670',727293980261482647,769965961578807317,1,0,0),('USR427475338374021162',335029995397316618,762505333771337780,1,0,0),('USR429605429682110516',332899904089227264,762505333771337780,1,0,0),('USR431570803641810963',338225947750825985,769796751392636948,1,0,0),('USR43314600665808836',720108764681863228,763423365347672064,1,0,0),('USR4337994568171490',765627967010635827,769965961578807317,1,0,0),('USR43436974110933012',569973341218406400,613410315329339412,1,0,0),('USR43442378907975668',722340823680811070,765783202588786738,1,0,0),('USR43673357137084405',727374007975804959,771047365112889364,1,0,0),('USR437763164748251186',345133337620250624,782896502368501810,1,0,0),('USR438493915696463882',331302835696173066,769796751392636948,1,0,0),('USR44020200949678040',725945760629129277,769965961578807317,1,0,0),('USR440823758400126996',328972992992509952,769796751392636948,1,5,2),('USR44100629064974307',725865332513833010,769965961578807317,1,0,0),('USR444241507957342229',325724453621465088,769965961578807317,1,0,0),('USR44565469151887299',726481895961002065,771047365112889364,1,0,0),('USR445943816084652052',323852935307984896,769796751392636948,1,0,0),('USR445964070772932658',319819131815854080,765783202588786738,1,0,0),('USR44656116642873353',725309844935933964,769965961578807317,1,0,0),('USR45265902903361475',724530848489275473,769796751392636948,1,0,0),('USR45534618434273295',426457929911107590,471992548345380885,1,0,0),('USR45717732662050743',724079018730586205,769796751392636948,1,15,15),('USR457407696526770196',312389054865866752,769796751392636948,1,0,0),('USR45803116687917077',724162844890890240,769965961578807317,1,0,0),('USR45816814752104408',725230550360784956,771047365112889364,1,0,0),('USR462637687510007828',307159063882629120,769796751392636948,1,0,0),('USR46379357811114004',425613190534266881,471992548345380885,1,0,0),('USR467224376278777874',302572375113859074,769796751392636948,1,0,0),('USR467545949808230420',302250801584406528,769796751392636948,2,225,328),('USR468784449568374801',301012301824262147,769796751392636948,1,0,0),('USR471805581326286868',297991170066350080,769796751392636948,1,0,0),('USR472948566311698443',297017395267108874,769965961578807317,1,0,0),('USR477332707634839570',292464043757797378,769796751392636948,1,0,0),('USR477470137432145968',288313065156640770,765783202588786738,1,0,0),('USR47752301903860',769748999090733088,769796751392636948,1,0,0),('USR478172164114219028',291624587278417920,769796751392636948,2,265,448),('USR47933505682276353',722032455896530964,769965961578807317,1,0,0),('USR484223125782003759',278282207989334021,762505333771337780,1,0,0),('USR484813339780579346',284983411612057602,769796751392636948,1,0,0),('USR4850974514216979',764945776878419969,769796751392636948,1,0,0),('USR488290672676044820',281506078716592128,769796751392636948,1,0,0),('USR4892344977195048',760890857611591690,765783202588786738,1,0,0),('USR489486745201410068',280310006191226880,769796751392636948,1,0,0),('USR492430765863075859',277365985529561089,769796751392636948,1,0,0),('USR494854742845816851',274942008546820097,769796751392636948,1,0,0),('USR49613341815472057',720352619763335260,769965961578807317,1,0,0),('USR49732039586873344',720233921991933973,769965961578807317,1,0,0),('USR498044530525339668',271921431053467649,769965961578807317,1,0,0),('USR49866321001185299',720099640577622018,769965961578807317,1,0,0),('USR49908769916190730',720057191662616587,769965961578807317,1,0,0),('USR50207762533187543',719588988859449405,769796751392636948,1,5,6),('USR50250120344109006',719715841234698311,769965961578807317,1,0,0),('USR503215527872561172',267831837240328192,771047365112889364,1,0,0),('USR505670736099147794',264126015293489154,769796751392636948,1,0,0),('USR506592012205293588',263373949373513729,769965961578807317,1,0,0),('USR50707982401273905',748494671541698561,799202653942972466,1,0,0),('USR50761115730051088',421231432615329797,471992548345380885,1,0,0),('USR507620969154740244',262175782237896704,769796751392636948,1,0,0),('USR509580560462250005',260385401116557312,769965961578807317,1,0,0),('USR512786989821460490',257009761571176458,769796751392636948,1,0,0),('USR51364922893926419',718431828498710529,769796751392636948,1,0,0),('USR515275802578386964',254690159000420353,769965961578807317,1,0,0),('USR516929619761430547',252867131631206401,769796751392636948,1,0,0),('USR51875188408713236',420117359936667649,471992548345380885,1,0,0),('USR5190764561039371',764775197017767946,769965961578807317,1,0,0),('USR520560414284447762',250486950828441602,771047365112889364,1,0,0),('USR52199663779971100',713583538808815638,765783202588786738,1,0,0),('USR52489557328658452',419502991016722433,471992548345380885,1,0,0),('USR526142772622262291',243823188956545026,769965961578807317,1,0,0),('USR528209877273673748',241586874118963200,769796751392636948,1,0,0),('USR52894909363519377',717071052215287940,769965961578807317,1,0,0),('USR529246566226722837',240719395352084480,769965961578807317,1,0,0),('USR53896238001029020',709527127346643044,763423365347672064,1,0,0),('USR547453513535193108',223593851577696256,771047365112889364,1,0,0),('USR5481122201337905',793721531741634561,799202653942972466,1,0,0),('USR5511661930545143',764454299648262174,769965961578807317,1,0,0),('USR5512738625814537',764453222952992780,769965961578807317,1,0,0),('USR5524169005596663',764441792573210654,769965961578807317,1,0,0),('USR5524496149250054',764441465429557263,769965961578807317,1,0,0),('USR5527345075585045',764438616503222272,769965961578807317,1,0,0),('USR5529210970177527',764436750608629790,769965961578807317,1,0,0),('USR5529402117062675',764436559461744642,769965961578807317,1,0,0),('USR5530596277747733',764435365301059584,769965961578807317,1,0,0),('USR5530918060687360',764435043518119957,769965961578807317,1,0,0),('USR5531932276948992',764434029301858325,769965961578807317,1,0,0),('USR5532561862295573',764433399716511744,769965961578807317,1,0,0),('USR5537174371958803',764428787206848514,769965961578807317,1,0,0),('USR5537872631824405',764428088946982912,769965961578807317,1,0,0),('USR5538390057549834',764427571521257483,769965961578807317,1,0,0),('USR5539758189838346',764426203388968971,769965961578807317,1,0,0),('USR5545783294427157',764420178284380160,769965961578807317,1,0,0),('USR5545957785599999',764420003793207318,769965961578807317,1,0,0),('USR5548482623176715',764417478955630602,769965961578807317,1,0,0),('USR5549083372290059',764416878206517258,769965961578807317,1,0,0),('USR5549702389039123',764416259189768194,769965961578807317,1,0,0),('USR5550176999309333',764415784579497984,769965961578807317,1,0,0),('USR5550555053555723',764415406525251594,769965961578807317,1,0,0),('USR5552067305799701',764413894273007616,769965961578807317,1,0,0),('USR55650283414093834',714315678164713483,769965961578807317,1,0,0),('USR558410090185490452',211386661207146496,769796751392636948,1,0,0),('USR5595605963243491',764370355615563826,769965961578807317,1,0,0),('USR560277560609865780',202227773161472000,762505333771337780,1,0,0),('USR56119851282333604',707303514065338460,763423365347672064,1,0,0),('USR56379621003755451',713417130388881497,769796751392636948,1,10,12),('USR5649892727455735',764316068851351582,769965961578807317,1,0,0),('USR56551868046508028',713414093532299289,769965961578807317,1,0,0),('USR56575538735349699',713390422843457618,769965961578807317,1,0,0),('USR567359975534362642',202436775858274306,769796751392636948,1,0,0),('USR57157405796073502',708625796792713236,765783202588786738,1,0,0),('USR573543762316361748',196252989076275200,769796751392636948,1,0,0),('USR57721195495161874',712075555897475074,769796751392636948,1,0,0),('USR584935587438526484',184861163954110464,769796751392636948,1,0,0),('USR58704360699985889',711261600878821428,769965961578807317,1,0,0),('USR59043448266948498',704379917080723566,763423365347672064,1,0,0),('USR59431230890442692',710534730688364625,769965961578807317,1,0,0),('USR59471551376654296',710494410202153021,769965961578807317,1,0,0),('USR5969048580259861',763996912998547456,769965961578807317,1,0,0),('USR5969766703955938',763996194874851379,769965961578807317,1,0,0),('USR5970734288207883',763995227290599434,769965961578807317,1,0,0),('USR5971345179279370',763994616399527947,769965961578807317,1,0,0),('USR5974772617969675',763991188960837642,769965961578807317,1,0,0),('USR5976980302200821',763988981276606496,769965961578807317,1,0,0),('USR5977376383303689',763988585195503628,769965961578807317,1,0,0),('USR5978080095502336',763987881483304981,769965961578807317,1,0,0),('USR5979003446362123',763986958132445194,769965961578807317,1,0,0),('USR5979490367569930',763986471211237387,769965961578807317,1,0,0),('USR5980551621902335',763985409956904982,769965961578807317,1,0,0),('USR5981005806305301',763984955772502016,769965961578807317,1,0,0),('USR5986816805699595',763979144773107722,769965961578807317,1,0,0),('USR5987795059605505',763978166519201812,769965961578807317,1,0,0),('USR5988198777880576',763977762800926741,769965961578807317,1,0,0),('USR5989010677432329',763976950901374988,769965961578807317,1,0,0),('USR5989901074563073',763976060504244244,769965961578807317,1,0,0),('USR5990303916097556',763975657662709761,769965961578807317,1,0,0),('USR5990927025831927',763975034552975390,769965961578807317,1,0,0),('USR5993662068817930',763972299509989387,769965961578807317,1,0,0),('USR59942484973715436',739260168969257030,799202653942972466,1,0,0),('USR5994577358618645',763971384220188672,769965961578807317,1,0,0),('USR5995179441651722',763970782137155595,769965961578807317,1,0,0),('USR5995473865801678',763970487713005639,769965961578807317,1,0,0),('USR5996428565151755',763969533013655562,769965961578807317,1,0,0),('USR5996815946743799',763969145632063518,769965961578807317,1,0,0),('USR5997352535851009',763968609042956308,769965961578807317,1,0,0),('USR5997873758732287',763968087820075030,769965961578807317,1,0,0),('USR5998350973009929',763967610605797388,769965961578807317,1,0,0),('USR5998993071407104',763966968507400213,769965961578807317,1,0,0),('USR5999866950713355',763966094628093962,769965961578807317,1,0,0),('USR6000540996206613',763965420582600704,769965961578807317,1,0,0),('USR6001138508234773',763964823070572544,769965961578807317,1,0,0),('USR6001680181493760',763964281397313557,769965961578807317,1,0,0),('USR6002201050480659',763963760528326658,769965961578807317,1,0,0),('USR6003170501591031',763962791077216286,769965961578807317,1,0,0),('USR6003924801290231',763962036777517086,769965961578807317,1,0,0),('USR6004575198642186',763961386380165131,769965961578807317,1,0,0),('USR6005063840038901',763960897738768416,769965961578807317,1,0,0),('USR6008842274734050',763957119304073267,769965961578807317,1,0,0),('USR6010348960350229',763955612618457088,769965961578807317,1,0,0),('USR6011552188465113',763954409390342204,769965961578807317,1,0,0),('USR60279216105193483',709686745473613834,769965961578807317,1,0,0),('USR60311349666512885',709654611912294432,769965961578807317,1,0,0),('USR60658938542686159',709307023036121158,769965961578807317,1,0,0),('USR61399255051010019',708566706527797298,769965961578807317,1,0,0),('USR61401610202382294',704381592386404444,765783202588786738,1,0,0),('USR6158128828383233',763807832750424084,769965961578807317,1,0,0),('USR62021778565890037',707774972826746911,769796751392636948,1,0,0),('USR62344635540832245',720551866827669565,782896502368501810,1,0,0),('USR62513430120103876',707283321272533072,769796751392636948,1,0,0),('USR62777792840466393',707188168738340924,769965961578807317,1,0,0),('USR62800276725956587',707165684852850730,769965961578807317,1,0,0),('USR64483896347197460',407508651998183425,471992548345380885,1,0,0),('USR64555562863296532',407436985482084353,471992548345380885,1,0,0),('USR651116472041481',798551537470930985,799202653942972466,1,0,0),('USR65521606734118859',704275144658518089,769796751392636948,1,0,0),('USR65678581644787582',704287379934019735,769965961578807317,1,0,0),('USR65932575738822616',705114789374066748,771047365112889364,1,0,0),('USR66042272248496078',703923689330311239,769965961578807317,1,0,0),('USR66768386436104102',699014816152682636,765783202588786738,1,0,0),('USR66795603962888182',698987598625898556,765783202588786738,1,0,0),('USR67065510071631910',698717692517154828,765783202588786738,1,0,0),('USR67086931632062475',404905616713318410,471992548345380885,1,0,0),('USR67804090075185172',701992661317451776,769796751392636948,1,0,0),('USR68866780609380370',702180584503508994,771047365112889364,1,0,0),('USR69256976005988332',701790389106901032,771047365112889364,1,0,0),('USR69552237319290890',696230965269495848,765783202588786738,1,0,0),('USR69568952242274285',700397009336533032,769965961578807317,1,0,0),('USR70308908140462078',699487843252174870,769796751392636948,1,0,0),('USR71466525055254465',698330226337382483,769796751392636948,1,0,0),('USR72152424101445579',697644327291191369,769796751392636948,1,0,0),('USR73086031624798078',696879929954009239,769965961578807317,1,0,0),('USR73351456120111125',696614505458696192,769965961578807317,1,0,0),('USR73754929999118346',696211031579688971,769965961578807317,1,0,0),('USR73983576961450004',691799625627336734,765783202588786738,1,0,0),('USR74197424704323574',695599326688313374,769796751392636948,1,0,0),('USR75022588858466272',694943372720341045,769965961578807317,1,0,0),('USR75103753002286994',694692998390349954,769796751392636948,1,0,0),('USR75402914231484435',694563047347322882,769965961578807317,1,0,0),('USR7576258108063713',762220493284573235,769796751392636948,1,0,0),('USR75911527752531888',694054433826275429,769965961578807317,1,0,0),('USR7630031241084949',464362517104295936,471992548345380885,1,0,0),('USR76470771810959309',689312430777827429,765783202588786738,1,0,0),('USR7665272001658890',763382093111230474,771047365112889364,1,0,0),('USR76730415515172872',693066335877464076,769796751392636948,1,0,0),('USR77221905399939040',692574845992697908,769796751392636948,1,0,0),('USR77269563682586644',394722984662794241,471992548345380885,1,0,0),('USR77725721761546260',394266826583834625,471992548345380885,1,0,0),('USR77913719232921590',691883032159715358,769796751392636948,1,0,0),('USR77930428241805301',693116936871084063,771047365112889364,1,0,0),('USR7879683714318357',762086277864488960,769965961578807317,1,0,0),('USR79933841192386470',702962661176115340,782896502368501810,1,0,0),('USR80263415687282704',689533335705354244,769796751392636948,1,0,0),('USR80387114558160913',689409636834476035,769796751392636948,1,45,45),('USR8082356959182838',463910191386198047,471992548345380885,1,0,0),('USR81384216578490327',688412534814146621,769796751392636948,1,20,32),('USR8173343034441707',761623408358195241,769796751392636948,1,0,0),('USR82009159062781910',683774043526004828,765783202588786738,1,0,0),('USR82319604470382602',389672943874998283,471992548345380885,1,0,0),('USR82752745920135188',389239802425245697,471992548345380885,1,0,0),('USR8382974798200771',761582986780606546,769965961578807317,1,0,0),('USR8389121202323445',762658243910565919,771047365112889364,1,0,0),('USR84500073597894664',685465887980912653,769965961578807317,1,0,0),('USR84545561910968339',685420399667838978,769965961578807317,1,0,0),('USR85026986619174916',684769764773462032,769796751392636948,1,0,0),('USR85461299181518876',650052776939880457,735514076121399333,1,0,0),('USR86407953796169728',683558007782637589,769965961578807317,1,0,0),('USR86586224369729557',385406323975651328,471992548345380885,1,0,0),('USR88915478441492484',681050483137314833,769965961578807317,1,0,0),('USR89305479628718088',676477722960068650,765783202588786738,1,0,0),('USR89623012513153037',681424352599736327,771047365112889364,1,0,0),('USR91128588102664201',678668163289972747,769796751392636948,1,25,35),('USR92279292049752086',622741208313102336,715020500362854422,1,0,0),('USR92533167059238921',520877148270100491,613410315329339412,1,0,0),('USR93268452555096084',676697509023711233,769965961578807317,1,0,0),('USR93486865534025775',689409636834476035,782896502368501810,1,0,0),('USR93710730142023700',676086021250613248,769796751392636948,1,0,0),('USR94923197220651017',675042764358156300,769965961578807317,1,0,0),('USR94975126327656487',670808076261130251,765783202588786738,1,0,0),('USR95058964672020491',376933583673360394,471992548345380885,1,0,0),('USR96253249976008714',673712711602798603,769965961578807317,1,0,0),('USR96876458014408714',673089503564398603,769965961578807317,1,0,0),('USR97107910815252450',666315454532419614,763423365347672064,1,0,0),('USR97334908254420991',668448294334365747,765783202588786738,1,0,0),('USR9744712160116726',705275788202737696,715020500362854422,1,0,0),('USR974482700632024',768822268692004924,769796751392636948,1,0,0),('USR98106280271282198',684790222097219612,782896502368501810,1,0,0),('USR98189449556656140',637324626564743193,735514076121399333,1,0,0),('USR99602072206311434',372390476139069451,471992548345380885,1,0,0);
/*!40000 ALTER TABLE `tbl_users` ENABLE KEYS */;
UNLOCK TABLES;

--
-- Table structure for table `tbl_warns`
--

DROP TABLE IF EXISTS `tbl_warns`;
/*!40101 SET @saved_cs_client     = @@character_set_client */;
/*!50503 SET character_set_client = utf8mb4 */;
CREATE TABLE `tbl_warns` (
  `id` int NOT NULL AUTO_INCREMENT,
  `kode_user` varchar(60) DEFAULT NULL,
  `code` int NOT NULL,
  `offender_name` varchar(60) DEFAULT NULL,
  `position` int DEFAULT NULL,
  `user_id` bigint NOT NULL,
  `warner` bigint DEFAULT NULL,
  `warner_name` varchar(60) DEFAULT NULL,
  `reason` varchar(60) DEFAULT NULL,
  `channel` bigint DEFAULT NULL,
  `datetime` datetime DEFAULT NULL,
  PRIMARY KEY (`id`),
  KEY `fkkode_user` (`kode_user`),
  CONSTRAINT `fkkode_user` FOREIGN KEY (`kode_user`) REFERENCES `tbl_users` (`kode_user`) ON DELETE CASCADE ON UPDATE CASCADE
) ENGINE=InnoDB AUTO_INCREMENT=1671 DEFAULT CHARSET=latin1;
/*!40101 SET character_set_client = @saved_cs_client */;

--
-- Dumping data for table `tbl_warns`
--

LOCK TABLES `tbl_warns` WRITE;
/*!40000 ALTER TABLE `tbl_warns` DISABLE KEYS */;
INSERT INTO `tbl_warns` VALUES (8,'USR-100006815059542085',1,'eman',1,713417130388881497,622741208313102336,'M-Roosvelt','testing',793210511760031764,'2021-01-08 01:26:53'),(9,'USR168582212462051338',1,'affar',1,601214538930585610,622741208313102336,'M-Roosvelt','test',772751271912144897,'2021-01-08 15:53:08'),(34,'USR-4407781432492013',1,'petrik',1,774204532825128961,774204532825128961,'tukang bakso','mail',774204532825128961,'2020-12-29 07:17:10'),(1670,'USR45717732662050743',1,'emonlyone',1,724079018730586205,622741208313102336,'M-Roosvelt','test',772751271912144897,'2021-01-15 03:11:52');
/*!40000 ALTER TABLE `tbl_warns` ENABLE KEYS */;
UNLOCK TABLES;
/*!40103 SET TIME_ZONE=@OLD_TIME_ZONE */;

/*!40101 SET SQL_MODE=@OLD_SQL_MODE */;
/*!40014 SET FOREIGN_KEY_CHECKS=@OLD_FOREIGN_KEY_CHECKS */;
/*!40014 SET UNIQUE_CHECKS=@OLD_UNIQUE_CHECKS */;
/*!40101 SET CHARACTER_SET_CLIENT=@OLD_CHARACTER_SET_CLIENT */;
/*!40101 SET CHARACTER_SET_RESULTS=@OLD_CHARACTER_SET_RESULTS */;
/*!40101 SET COLLATION_CONNECTION=@OLD_COLLATION_CONNECTION */;
/*!40111 SET SQL_NOTES=@OLD_SQL_NOTES */;

-- Dump completed on 2021-01-15 13:35:44
